[{"id":1548,"symbol":"ABT","name":"Arcblock","circulatingSupply":186000000,"totalSupply":186000000,"rank":2755,"type":"crypto"},{"id":4923,"symbol":"ACT","name":"Achain","circulatingSupply":10000000000,"totalSupply":10000000000,"rank":2690,"type":"crypto"},{"id":4924,"symbol":"ACTN","name":"Action Coin","circulatingSupply":10000000000,"totalSupply":10000000000,"rank":3208,"type":"crypto"},{"id":9,"symbol":"ADA","name":"Cardano","circulatingSupply":28049649791,"totalSupply":31112484745,"rank":9,"type":"crypto"},{"id":null,"symbol":"ADD","name":"ADD Token","circulatingSupply":null,"totalSupply":null,"rank":2000,"type":"crypto"},{"id":282,"symbol":"ADX","name":"AdEx","circulatingSupply":100000000,"totalSupply":100000000,"rank":179,"type":"crypto"},{"id":33,"symbol":"AE","name":"Aeternity","circulatingSupply":273652043.16432995,"totalSupply":273685830.16432995,"rank":50,"type":"crypto"},{"id":376,"symbol":"AEON","name":"Aeon","circulatingSupply":15831459,"totalSupply":18400000,"rank":690,"type":"crypto"},{"id":10764,"symbol":"AEUR","name":"Augmint Euro Token","circulatingSupply":null,"totalSupply":null,"rank":5491,"type":"crypto"},{"id":181,"symbol":"AGI","name":"SingularityNET","circulatingSupply":539673260,"totalSupply":1000000000,"rank":133,"type":"crypto"},{"id":4906,"symbol":"AGRS","name":"Agoras Tauchain","circulatingSupply":41987989,"totalSupply":42000000,"rank":626,"type":"crypto"},{"id":66,"symbol":"AION","name":"Aion","circulatingSupply":9395079.66,"totalSupply":465934586.66,"rank":432,"type":"crypto"},{"id":172,"symbol":"AMB","name":"Amber","circulatingSupply":144590974.53570145,"totalSupply":361477437.53570145,"rank":240,"type":"crypto"},{"id":477,"symbol":"AMP","name":"Synereo","circulatingSupply":100728564,"totalSupply":622410799,"rank":788,"type":"crypto"},{"id":182,"symbol":"ANT","name":"Aragon","circulatingSupply":29102722.809523806,"totalSupply":39609523.809523806,"rank":174,"type":"crypto"},{"id":320,"symbol":"APPC","name":"AppCoins","circulatingSupply":100054312,"totalSupply":246203093,"rank":250,"type":"crypto"},{"id":56,"symbol":"ARDR","name":"Ardor","circulatingSupply":998999495,"totalSupply":1000000000,"rank":71,"type":"crypto"},{"id":951,"symbol":"ARG","name":"Argentum","circulatingSupply":10544470,"totalSupply":64000000,"rank":1221,"type":"crypto"},{"id":82,"symbol":"ARK","name":"Ark","circulatingSupply":106408238,"totalSupply":125000000,"rank":75,"type":"crypto"},{"id":289,"symbol":"ARN","name":"Aeron","circulatingSupply":13000000,"totalSupply":20000000,"rank":291,"type":"crypto"},{"id":782,"symbol":"ARY","name":"Block Array","circulatingSupply":68430737.93060976,"totalSupply":88409932.93060976,"rank":886,"type":"crypto"},{"id":270,"symbol":"AST","name":"AirSwap","circulatingSupply":150000000,"totalSupply":500000000,"rank":272,"type":"crypto"},{"id":786,"symbol":"ATM","name":"ATMChain","circulatingSupply":10000000000,"totalSupply":10000000000,"rank":3164,"type":"crypto"},{"id":null,"symbol":"AUDR","name":"AUDRamp","circulatingSupply":null,"totalSupply":null,"rank":2000,"type":"crypto"},{"id":211,"symbol":"AUTO","name":"Cube","circulatingSupply":6774940000,"totalSupply":7200000000,"rank":155,"type":"crypto"},{"id":null,"symbol":"AYWA","name":"Aywa","circulatingSupply":null,"totalSupply":null,"rank":2000,"type":"crypto"},{"id":2664,"symbol":"BAB","name":"Bitcoin Cash ABC","circulatingSupply":null,"totalSupply":null,"rank":4898,"type":"crypto"},{"id":46,"symbol":"BAT","name":"Basic Attention Token","circulatingSupply":1244066783,"totalSupply":1500000000,"rank":28,"type":"crypto"},{"id":216,"symbol":"BAY","name":"BitBay","circulatingSupply":1012146906,"totalSupply":1012146906,"rank":256,"type":"crypto"},{"id":null,"symbol":"BCBC","name":"BCBC","circulatingSupply":null,"totalSupply":null,"rank":2000,"type":"crypto"},{"id":2962,"symbol":"BCC","name":"BCC","circulatingSupply":20148800.9992015,"totalSupply":20999999.9992015,"rank":2865,"type":"crypto"},{"id":36,"symbol":"BCD","name":"Bitcoin Diamond","circulatingSupply":153756875,"totalSupply":156756875,"rank":52,"type":"crypto"},{"id":4,"symbol":"BCH","name":"Bitcoin Cash","circulatingSupply":17682261.5,"totalSupply":17685137.5,"rank":6,"type":"crypto"},{"id":4989,"symbol":"BCIO","name":"Blockchain.io","circulatingSupply":100000000,"totalSupply":100000000,"rank":4685,"type":"crypto"},{"id":31,"symbol":"BCN","name":"Bytecoin","circulatingSupply":184129550064.18,"totalSupply":184129550064.18,"rank":47,"type":"crypto"},{"id":127,"symbol":"BCO","name":"BananaCoin","circulatingSupply":27000000,"totalSupply":27000000,"rank":648,"type":"crypto"},{"id":366,"symbol":"BCPT","name":"BlockMason Credit Protocol","circulatingSupply":90985609,"totalSupply":116158667,"rank":323,"type":"crypto"},{"id":1198,"symbol":"BDL","name":"Bitdeal","circulatingSupply":175583793,"totalSupply":219596262,"rank":1177,"type":"crypto"},{"id":10179,"symbol":"BEAM","name":"Beam","circulatingSupply":null,"totalSupply":null,"rank":5800,"type":"crypto"},{"id":879,"symbol":"BELA","name":"Belacoin","circulatingSupply":38601121,"totalSupply":43770506,"rank":1006,"type":"crypto"},{"id":124,"symbol":"BIX","name":"Bibox Token","circulatingSupply":102384714,"totalSupply":265986997,"rank":124,"type":"crypto"},{"id":null,"symbol":"BLCN","name":"BLCN","circulatingSupply":null,"totalSupply":null,"rank":2000,"type":"crypto"},{"id":450,"symbol":"BLK","name":"BlackCoin","circulatingSupply":67721712,"totalSupply":67721712,"rank":702,"type":"crypto"},{"id":191,"symbol":"BLOCK","name":"Blocknet","circulatingSupply":5430687,"totalSupply":5430687,"rank":213,"type":"crypto"},{"id":1150,"symbol":"BLZ","name":"Blazecoin","circulatingSupply":205678035,"totalSupply":500000000,"rank":211,"type":"crypto"},{"id":14,"symbol":"BNB","name":"Binance Coin","circulatingSupply":97880197.24249855,"totalSupply":189175490.24249855,"rank":11,"type":"crypto"},{"id":76,"symbol":"BNT","name":"Bancor Network Token","circulatingSupply":64165112.18774706,"totalSupply":74890599.18774706,"rank":103,"type":"crypto"},{"id":712,"symbol":"BNTY","name":"Bounty0x","circulatingSupply":186296643.96,"totalSupply":499999999.96,"rank":970,"type":"crypto"},{"id":null,"symbol":"BOOTY","name":"Booty","circulatingSupply":null,"totalSupply":null,"rank":2000,"type":"crypto"},{"id":161,"symbol":"BOS","name":"BOScoin","circulatingSupply":456838751,"totalSupply":500000000,"rank":240,"type":"crypto"},{"id":439,"symbol":"BPT","name":"Blockport","circulatingSupply":52870932.62921125,"totalSupply":69434799.62921125,"rank":263,"type":"crypto"},{"id":589,"symbol":"BQ","name":"bitqy","circulatingSupply":3112670515,"totalSupply":10000000000,"rank":1301,"type":"crypto"},{"id":140,"symbol":"BRD","name":"Bread","circulatingSupply":88733978,"totalSupply":88862718,"rank":145,"type":"crypto"},{"id":568,"symbol":"BSD","name":"BitSend","circulatingSupply":21185775,"totalSupply":139000000,"rank":869,"type":"crypto"},{"id":4875,"symbol":"BCHSV","name":"BitcoinSV","circulatingSupply":17477861,"totalSupply":17477861,"rank":12,"type":"crypto"},{"id":1,"symbol":"BTC","name":"Bitcoin","circulatingSupply":17602500,"totalSupply":17602500,"rank":1,"type":"crypto"},{"id":3065,"symbol":"BTCD","name":"BitcoinDark","circulatingSupply":1288862,"totalSupply":22000000,"rank":646,"type":"crypto"},{"id":1967,"symbol":"BTCH","name":"Bitcoin Hush","circulatingSupply":21000000,"totalSupply":21000000,"rank":3212,"type":"crypto"},{"id":103,"symbol":"BTCP","name":"Bitcoin Private","circulatingSupply":20524490,"totalSupply":21000000,"rank":658,"type":"crypto"},{"id":721,"symbol":"BTCZ","name":"BitcoinZ","circulatingSupply":3090862662,"totalSupply":3090862662,"rank":473,"type":"crypto"},{"id":23,"symbol":"BTG","name":"Bitcoin Gold","circulatingSupply":17359099,"totalSupply":17458599,"rank":32,"type":"crypto"},{"id":45,"symbol":"BTM","name":"Bytom","circulatingSupply":54562961,"totalSupply":1407000000,"rank":261,"type":"crypto"},{"id":32,"symbol":"BTS","name":"BitShares","circulatingSupply":2672440000,"totalSupply":2672440000,"rank":48,"type":"crypto"},{"id":4392,"symbol":"BTT","name":"BitTorrent","circulatingSupply":100369404688,"totalSupply":100369404688,"rank":2650,"type":"crypto"},{"id":262,"symbol":"BTX","name":"Bitcore","circulatingSupply":16530732,"totalSupply":17290959,"rank":302,"type":"crypto"},{"id":217,"symbol":"BURST","name":"Burst","circulatingSupply":1999702438,"totalSupply":2158812800,"rank":248,"type":"crypto"},{"id":null,"symbol":"CALL","name":"Capital","circulatingSupply":null,"totalSupply":null,"rank":2000,"type":"crypto"},{"id":2205,"symbol":"CC","name":"CoinCollect","circulatingSupply":99987262,"totalSupply":100000000,"rank":2639,"type":"crypto"},{"id":988,"symbol":"CDN","name":"Canada eCoin","circulatingSupply":97415544,"totalSupply":100000000,"rank":1226,"type":"crypto"},{"id":323,"symbol":"CDT","name":"Coindash","circulatingSupply":656173039,"totalSupply":1000000000,"rank":277,"type":"crypto"},{"id":null,"symbol":"CHAIN","name":"Chainmakers","circulatingSupply":null,"totalSupply":null,"rank":2000,"type":"crypto"},{"id":1592,"symbol":"CHAT","name":"ChatCoin","circulatingSupply":52500000,"totalSupply":52500000,"rank":3330,"type":"crypto"},{"id":1897,"symbol":"CHIPS","name":"CHIPS","circulatingSupply":20995342,"totalSupply":20995342,"rank":826,"type":"crypto"},{"id":5101,"symbol":"CIX","name":"Cryptonetix","circulatingSupply":100000000,"totalSupply":100000000,"rank":3091,"type":"crypto"},{"id":444,"symbol":"CLAM","name":"Clams","circulatingSupply":3307395,"totalSupply":16966894,"rank":167,"type":"crypto"},{"id":279,"symbol":"CLOAK","name":"Cloakcoin","circulatingSupply":5215371,"totalSupply":5215371,"rank":351,"type":"crypto"},{"id":5108,"symbol":"CMM","name":"Commercium","circulatingSupply":210000000,"totalSupply":210000000,"rank":3200,"type":"crypto"},{"id":1395,"symbol":"CMT","name":"Comet","circulatingSupply":778863939,"totalSupply":1000000000,"rank":2756,"type":"crypto"},{"id":1614,"symbol":"CND","name":"Cindicator","circulatingSupply":2000000004.6079144,"totalSupply":2000000004.6079144,"rank":2745,"type":"crypto"},{"id":58,"symbol":"CNX","name":"Cryptonex","circulatingSupply":48551275,"totalSupply":100000000,"rank":835,"type":"crypto"},{"id":1508,"symbol":"CNY","name":"Chinese Yuan","circulatingSupply":1000000000,"totalSupply":1000000000,"rank":null,"type":"fiat"},{"id":330,"symbol":"COB","name":"Cobinhood","circulatingSupply":384592577,"totalSupply":1000000000,"rank":295,"type":"crypto"},{"id":753,"symbol":"COLX","name":"ColossusXT","circulatingSupply":10724738924,"totalSupply":10784272304,"rank":708,"type":"crypto"},{"id":null,"symbol":"COQUI","name":"COQUI Cash","circulatingSupply":null,"totalSupply":null,"rank":2000,"type":"crypto"},{"id":8224,"symbol":"CRED","name":"Verify","circulatingSupply":null,"totalSupply":null,"rank":2204,"type":"crypto"},{"id":165,"symbol":"CRPT","name":"Crypterium","circulatingSupply":79781520.14285721,"totalSupply":99968577.14285721,"rank":198,"type":"crypto"},{"id":389,"symbol":"CRW","name":"Crown","circulatingSupply":20797848,"totalSupply":42000000,"rank":353,"type":"crypto"},{"id":196,"symbol":"CS","name":"CREDITS","circulatingSupply":5000000,"totalSupply":5000000,"rank":1030,"type":"crypto"},{"id":910,"symbol":"CTR","name":"Centra","circulatingSupply":67999999.5,"totalSupply":99999999.5,"rank":1276,"type":"crypto"},{"id":112,"symbol":"CTXC","name":"Cortex","circulatingSupply":149792458,"totalSupply":299792458,"rank":140,"type":"crypto"},{"id":118,"symbol":"CVC","name":"Civic","circulatingSupply":342699967,"totalSupply":1000000000,"rank":136,"type":"crypto"},{"id":95,"symbol":"DAI","name":"Dai","circulatingSupply":88660527.53654638,"totalSupply":92922359.53654638,"rank":67,"type":"crypto"},{"id":13,"symbol":"DASH","name":"Dash","circulatingSupply":8701537.6092818,"totalSupply":8701537.6092818,"rank":16,"type":"crypto"},{"id":1608,"symbol":"DAT","name":"Datum","circulatingSupply":26256,"totalSupply":100000000,"rank":575,"type":"crypto"},{"id":192,"symbol":"DATA","name":"Streamr DATAcoin","circulatingSupply":7255189844,"totalSupply":11500000000,"rank":225,"type":"crypto"},{"id":308,"symbol":"DBC","name":"DeepBrain Chain","circulatingSupply":1500000000,"totalSupply":10000000000,"rank":341,"type":"crypto"},{"id":74,"symbol":"DCN","name":"Dentacoin","circulatingSupply":973758724772,"totalSupply":8000000000000,"rank":102,"type":"crypto"},{"id":28,"symbol":"DCR","name":"Decred","circulatingSupply":8824359,"totalSupply":8824359,"rank":39,"type":"crypto"},{"id":null,"symbol":"DEEZ","name":"DeezNuts","circulatingSupply":null,"totalSupply":null,"rank":2000,"type":"crypto"},{"id":134,"symbol":"DENT","name":"Dent","circulatingSupply":41156475076,"totalSupply":100000000000,"rank":109,"type":"crypto"},{"id":230,"symbol":"DEW","name":"DEW","circulatingSupply":103244553,"totalSupply":200000000,"rank":677,"type":"crypto"},{"id":30,"symbol":"DGB","name":"DigiByte","circulatingSupply":11577595063.4292,"totalSupply":11577595063.4292,"rank":45,"type":"crypto"},{"id":84,"symbol":"DGD","name":"DigixDAO","circulatingSupply":1826896.9966,"totalSupply":1999999.9966,"rank":113,"type":"crypto"},{"id":1593,"symbol":"DLT","name":"Agrello","circulatingSupply":130271020.035721,"totalSupply":130271020.035721,"rank":2814,"type":"crypto"},{"id":245,"symbol":"DNT","name":"district0x","circulatingSupply":600000000,"totalSupply":1000000000,"rank":229,"type":"crypto"},{"id":368,"symbol":"DOCK","name":"Dock","circulatingSupply":433052635,"totalSupply":1000000000,"rank":294,"type":"crypto"},{"id":20,"symbol":"DOGE","name":"Dogecoin","circulatingSupply":118752039352.965,"totalSupply":118752039352.965,"rank":30,"type":"crypto"},{"id":109,"symbol":"DRGN","name":"Dragonchain","circulatingSupply":236594070,"totalSupply":433494437,"rank":150,"type":"crypto"},{"id":88,"symbol":"DROP","name":"Dropil","circulatingSupply":22900641327,"totalSupply":30000000000,"rank":650,"type":"crypto"},{"id":192,"symbol":"DTA","name":"DATA","circulatingSupply":7255189844,"totalSupply":11500000000,"rank":225,"type":"crypto"},{"id":687,"symbol":"DTH","name":"Dether","circulatingSupply":83600000,"totalSupply":100000000,"rank":940,"type":"crypto"},{"id":275,"symbol":"DTR","name":"Dynamic Trading Rights","circulatingSupply":1211871327,"totalSupply":3743817283,"rank":642,"type":"crypto"},{"id":861,"symbol":"EBST","name":"eBoost","circulatingSupply":20000000,"totalSupply":80828160,"rank":1086,"type":"crypto"},{"id":258,"symbol":"ECA","name":"Electra","circulatingSupply":28352206010,"totalSupply":29219362563,"rank":246,"type":"crypto"},{"id":236,"symbol":"EDG","name":"Edgeless","circulatingSupply":97818696,"totalSupply":132046997,"rank":197,"type":"crypto"},{"id":151,"symbol":"EDO","name":"Eidoo","circulatingSupply":27841461.07284598,"totalSupply":89288327.07284598,"rank":157,"type":"crypto"},{"id":4526,"symbol":"EDOGE","name":"EtherDoge","circulatingSupply":1.0000000100005e+23,"totalSupply":1.000000010001e+23,"rank":610,"type":"crypto"},{"id":90,"symbol":"ELA","name":"Elastos","circulatingSupply":9599802,"totalSupply":33777123,"rank":139,"type":"crypto"},{"id":69,"symbol":"ELF","name":"aelf","circulatingSupply":314836839.9864658,"totalSupply":330999999.9864658,"rank":89,"type":"crypto"},{"id":800,"symbol":"ELIX","name":"Elixir","circulatingSupply":35204079.85918425,"totalSupply":35204079.85918425,"rank":1282,"type":"crypto"},{"id":913,"symbol":"ELLA","name":"Ellaism","circulatingSupply":12756367,"totalSupply":12756367,"rank":1379,"type":"crypto"},{"id":119,"symbol":"EMC","name":"EmerCoin","circulatingSupply":42118422,"totalSupply":1000000000,"rank":203,"type":"crypto"},{"id":207,"symbol":"EMC2","name":"Einsteinium","circulatingSupply":217904165,"totalSupply":299792458,"rank":176,"type":"crypto"},{"id":113,"symbol":"ENG","name":"Enigma","circulatingSupply":76352884,"totalSupply":150000000,"rank":118,"type":"crypto"},{"id":126,"symbol":"ENJ","name":"Enjin Coin","circulatingSupply":761158535,"totalSupply":1000000000,"rank":46,"type":"crypto"},{"id":4858,"symbol":"ENTRP","name":"Hut34 Entropy","circulatingSupply":100000000,"totalSupply":100000000,"rank":2927,"type":"crypto"},{"id":5221,"symbol":"EON","name":"EOS Network","circulatingSupply":2100000000,"totalSupply":2100000000,"rank":4572,"type":"crypto"},{"id":null,"symbol":"EOP","name":"EOP","circulatingSupply":null,"totalSupply":null,"rank":2000,"type":"crypto"},{"id":5,"symbol":"EOS","name":"EOS","circulatingSupply":900050587.9149,"totalSupply":1038292264.9149,"rank":5,"type":"crypto"},{"id":10755,"symbol":"EQLI","name":"Equaliser","circulatingSupply":null,"totalSupply":null,"rank":5500,"type":"crypto"},{"id":4533,"symbol":"EQUA","name":"EQUA","circulatingSupply":999999468.93,"totalSupply":999999468.93,"rank":639,"type":"crypto"},{"id":16,"symbol":"ETC","name":"Ethereum Classic","circulatingSupply":107988299,"totalSupply":107988299,"rank":19,"type":"crypto"},{"id":2,"symbol":"ETH","name":"Ethereum","circulatingSupply":104688799.8116,"totalSupply":105334110.8116,"rank":2,"type":"crypto"},{"id":158,"symbol":"ETHOS","name":"Ethos","circulatingSupply":82358464.23845324,"totalSupply":222295208.23845324,"rank":190,"type":"crypto"},{"id":47,"symbol":"ETN","name":"Electroneum","circulatingSupply":7980960914,"totalSupply":8343399791,"rank":93,"type":"crypto"},{"id":48,"symbol":"ETP","name":"Metaverse ETP","circulatingSupply":53567778,"totalSupply":56901911,"rank":110,"type":"crypto"},{"id":1561,"symbol":"EUR","name":"Euro","circulatingSupply":null,"totalSupply":null,"rank":null,"type":"fiat"},{"id":363,"symbol":"EVX","name":"Everex","circulatingSupply":16500000,"totalSupply":25000000,"rank":298,"type":"crypto"},{"id":null,"symbol":"EXMO","name":"EXMO","circulatingSupply":null,"totalSupply":null,"rank":2000,"type":"crypto"},{"id":636,"symbol":"EXP","name":"Expanse","circulatingSupply":10495278,"totalSupply":19495278,"rank":443,"type":"crypto"},{"id":1113,"symbol":"FAIR","name":"Faircoin","circulatingSupply":53193831,"totalSupply":53193831,"rank":537,"type":"crypto"},{"id":129,"symbol":"FCT","name":"Factom","circulatingSupply":8745102,"totalSupply":8753873,"rank":88,"type":"crypto"},{"id":1943,"symbol":"FIL","name":"Filecoin [Futures]","circulatingSupply":null,"totalSupply":null,"rank":5129,"type":"crypto"},{"id":998,"symbol":"FJC","name":"Fujicoin","circulatingSupply":1737663796,"totalSupply":1737663796,"rank":1364,"type":"crypto"},{"id":682,"symbol":"FLDC","name":"Foldingcoin","circulatingSupply":696185238,"totalSupply":1000000000,"rank":991,"type":"crypto"},{"id":11062,"symbol":"FLO","name":"FLO","circulatingSupply":null,"totalSupply":null,"rank":5357,"type":"crypto"},{"id":null,"symbol":"FSN","name":"FUSION","circulatingSupply":null,"totalSupply":null,"rank":2000,"type":"crypto"},{"id":359,"symbol":"FTC","name":"Feathercoin","circulatingSupply":217664440,"totalSupply":336000000,"rank":725,"type":"crypto"},{"id":352,"symbol":"FUEL","name":"Etherparty","circulatingSupply":528478202,"totalSupply":1000000000,"rank":264,"type":"crypto"},{"id":80,"symbol":"FUN","name":"FunFair","circulatingSupply":6548861175.398026,"totalSupply":10999873621.398026,"rank":129,"type":"crypto"},{"id":290,"symbol":"GAME","name":"GameCredits","circulatingSupply":69651938,"totalSupply":84000000,"rank":257,"type":"crypto"},{"id":102,"symbol":"GAS","name":"Gas","circulatingSupply":11986379,"totalSupply":100000000,"rank":114,"type":"crypto"},{"id":2187,"symbol":"GBP","name":"Pound","circulatingSupply":null,"totalSupply":null,"rank":null,"type":"fiat"},{"id":637,"symbol":"GBX","name":"Globitex","circulatingSupply":2950298,"totalSupply":31800000,"rank":1019,"type":"crypto"},{"id":148,"symbol":"GBYTE","name":"Byteball Bytes","circulatingSupply":662811,"totalSupply":1000000,"rank":137,"type":"crypto"},{"id":null,"symbol":"GENERIC","name":"GENERIC","circulatingSupply":null,"totalSupply":null,"rank":2000,"type":"crypto"},{"id":341,"symbol":"GIN","name":"GINcoin","circulatingSupply":4995980,"totalSupply":5000000,"rank":730,"type":"crypto"},{"id":null,"symbol":"GLXT","name":"GLX Token","circulatingSupply":null,"totalSupply":null,"rank":2000,"type":"crypto"},{"id":4561,"symbol":"GMR","name":"Gimmer","circulatingSupply":45000000,"totalSupply":45000000,"rank":3294,"type":"crypto"},{"id":178,"symbol":"GNO","name":"Gnosis","circulatingSupply":1104590,"totalSupply":10000000,"rank":171,"type":"crypto"},{"id":49,"symbol":"GNT","name":"Golem","circulatingSupply":857281292,"totalSupply":1000000000,"rank":74,"type":"crypto"},{"id":null,"symbol":"GOLD","name":"Dragonereum Gold","circulatingSupply":null,"totalSupply":null,"rank":2000,"type":"crypto"},{"id":485,"symbol":"GRC","name":"Gridcoin","circulatingSupply":390312753,"totalSupply":390312753,"rank":787,"type":"crypto"},{"id":10107,"symbol":"GRIN","name":"Grin","circulatingSupply":1357440,"totalSupply":1357440,"rank":340,"type":"crypto"},{"id":123,"symbol":"GRS","name":"Groestlcoin","circulatingSupply":71310189,"totalSupply":105000000,"rank":107,"type":"crypto"},{"id":534,"symbol":"GSC","name":"Global Social Chain","circulatingSupply":461460428,"totalSupply":1000000000,"rank":398,"type":"crypto"},{"id":135,"symbol":"GTO","name":"Gifto","circulatingSupply":531819169,"totalSupply":1000000000,"rank":160,"type":"crypto"},{"id":539,"symbol":"GUP","name":"Guppy","circulatingSupply":73855149.62,"totalSupply":98855149.62,"rank":422,"type":"crypto"},{"id":1630,"symbol":"GUSD","name":"Gemini dollar","circulatingSupply":61618570.92,"totalSupply":61618570.92,"rank":78,"type":"crypto"},{"id":108,"symbol":"GVT","name":"Genesis Vision","circulatingSupply":4426882.928533333,"totalSupply":4436643.928533333,"rank":163,"type":"crypto"},{"id":70,"symbol":"GXS","name":"GXChain","circulatingSupply":60000000,"totalSupply":100000000,"rank":73,"type":"crypto"},{"id":null,"symbol":"GZR","name":"Gizer","circulatingSupply":null,"totalSupply":null,"rank":2000,"type":"crypto"},{"id":5336,"symbol":"HIGHT","name":"Highcoin","circulatingSupply":2741537532,"totalSupply":2741537532,"rank":3682,"type":"crypto"},{"id":1083,"symbol":"HODL","name":"HOdlcoin","circulatingSupply":232524610,"totalSupply":250000000,"rank":1296,"type":"crypto"},{"id":1886,"symbol":"HOT","name":"Holo","circulatingSupply":177619433541.14133,"totalSupply":177619433541.14133,"rank":2670,"type":"crypto"},{"id":157,"symbol":"HPB","name":"High Performance Blockchain","circulatingSupply":37302632,"totalSupply":100000000,"rank":195,"type":"crypto"},{"id":null,"symbol":"HSR","name":"HShare","circulatingSupply":null,"totalSupply":null,"rank":2000,"type":"crypto"},{"id":71,"symbol":"HT","name":"HOTTO","circulatingSupply":39982900,"totalSupply":500000000,"rank":64,"type":"crypto"},{"id":396,"symbol":"HTML","name":"HTMLCOIN","circulatingSupply":53067332240,"totalSupply":80434575000,"rank":335,"type":"crypto"},{"id":882,"symbol":"HUC","name":"Huntercoin","circulatingSupply":23761750,"totalSupply":42000000,"rank":1056,"type":"crypto"},{"id":983,"symbol":"HUSH","name":"Hush","circulatingSupply":5182075,"totalSupply":21000000,"rank":1101,"type":"crypto"},{"id":130,"symbol":"ICN","name":"Iconomi","circulatingSupply":100000000,"totalSupply":100000000,"rank":653,"type":"crypto"},{"id":37,"symbol":"ICX","name":"ICON","circulatingSupply":473406688,"totalSupply":473406688,"rank":43,"type":"crypto"},{"id":218,"symbol":"IGNIS","name":"Ignis","circulatingSupply":440000000,"totalSupply":999449694,"rank":238,"type":"crypto"},{"id":5366,"symbol":"ILK","name":"Inlock Token","circulatingSupply":440000000,"totalSupply":440000000,"rank":4497,"type":"crypto"},{"id":374,"symbol":"INK","name":"Ink","circulatingSupply":463910527,"totalSupply":1000000000,"rank":332,"type":"crypto"},{"id":246,"symbol":"INS","name":"INS Ecosystem","circulatingSupply":16500000,"totalSupply":50000000,"rank":306,"type":"crypto"},{"id":269,"symbol":"ION","name":"ION","circulatingSupply":21242460,"totalSupply":50900000,"rank":344,"type":"crypto"},{"id":762,"symbol":"IOP","name":"Internet of People","circulatingSupply":5368675,"totalSupply":21000000,"rank":476,"type":"crypto"},{"id":61,"symbol":"IOST","name":"IOStoken","circulatingSupply":12771169433,"totalSupply":21000000000,"rank":57,"type":"crypto"},{"id":204,"symbol":"IOTX","name":"IoTeX","circulatingSupply":1331040005,"totalSupply":10000000000,"rank":192,"type":"crypto"},{"id":107,"symbol":"IQ","name":"Everipedia","circulatingSupply":1038292264.9149,"totalSupply":1038292264.9149,"rank":339,"type":"crypto"},{"id":240,"symbol":"ITC","name":"IoT Chain","circulatingSupply":62617239,"totalSupply":100000000,"rank":231,"type":"crypto"},{"id":1318,"symbol":"JNT","name":"Jibrel Network","circulatingSupply":551050,"totalSupply":10000000,"rank":563,"type":"crypto"},{"id":1520,"symbol":"JPY","name":"Japanese Yen","circulatingSupply":null,"totalSupply":null,"rank":null,"type":"fiat"},{"id":62,"symbol":"KCS","name":"KuCoin Shares","circulatingSupply":90138154,"totalSupply":180138154,"rank":60,"type":"crypto"},{"id":115,"symbol":"KIN","name":"Kin","circulatingSupply":2087415674829,"totalSupply":10000000000000,"rank":65,"type":"crypto"},{"id":57,"symbol":"KMD","name":"Komodo","circulatingSupply":110651899,"totalSupply":200000000,"rank":55,"type":"crypto"},{"id":104,"symbol":"KNC","name":"Kyber Network","circulatingSupply":140204187.61785,"totalSupply":215014560.61785,"rank":106,"type":"crypto"},{"id":902,"symbol":"KRB","name":"Karbo","circulatingSupply":5385223,"totalSupply":10000000,"rank":1070,"type":"crypto"},{"id":364,"symbol":"LBC","name":"LBRY Credits","circulatingSupply":205956716,"totalSupply":1000000000,"rank":276,"type":"crypto"},{"id":227,"symbol":"LEND","name":"ETHLend","circulatingSupply":1100180876.7031682,"totalSupply":1299999941.7031682,"rank":220,"type":"crypto"},{"id":59,"symbol":"LINK","name":"ChainLink","circulatingSupply":414409566,"totalSupply":1000000000,"rank":36,"type":"crypto"},{"id":298,"symbol":"LKK","name":"Lykke","circulatingSupply":316809739,"totalSupply":1285690000,"rank":665,"type":"crypto"},{"id":79,"symbol":"LOOM","name":"Loom Network","circulatingSupply":775930092,"totalSupply":1000000000,"rank":86,"type":"crypto"},{"id":5453,"symbol":"LPT","name":"Livepeer Token","circulatingSupply":10850447,"totalSupply":10850447,"rank":2701,"type":"crypto"},{"id":72,"symbol":"LRC","name":"Loopring","circulatingSupply":962937374.5238578,"totalSupply":1395076054.5238578,"rank":81,"type":"crypto"},{"id":27,"symbol":"LSK","name":"Lisk","circulatingSupply":115330286,"totalSupply":130644403,"rank":38,"type":"crypto"},{"id":7,"symbol":"LTC","name":"Litecoin","circulatingSupply":60985811.48902858,"totalSupply":60985811.48902858,"rank":4,"type":"crypto"},{"id":346,"symbol":"LUN","name":"Lunyr","circulatingSupply":2297853.0785315786,"totalSupply":2703356.0785315786,"rank":273,"type":"crypto"},{"id":64,"symbol":"MAID","name":"MaidSafeCoin","circulatingSupply":452552412,"totalSupply":452552412,"rank":84,"type":"crypto"},{"id":77,"symbol":"MANA","name":"Decentraland","circulatingSupply":1208716030.1134377,"totalSupply":2534666249.1134377,"rank":79,"type":"crypto"},{"id":1329,"symbol":"MCAP","name":"MCAP","circulatingSupply":10490000,"totalSupply":100000000,"rank":1478,"type":"crypto"},{"id":89,"symbol":"MCO","name":"Crypto.com","circulatingSupply":15793831.3632061,"totalSupply":31587682.3632061,"rank":90,"type":"crypto"},{"id":144,"symbol":"MDA","name":"Moeda Loyalty Points","circulatingSupply":19628888,"totalSupply":19628888,"rank":153,"type":"crypto"},{"id":210,"symbol":"MDS","name":"MediShares","circulatingSupply":1031355785,"totalSupply":2000000000,"rank":200,"type":"crypto"},{"id":1413,"symbol":"MED","name":"Medibloc","circulatingSupply":-93765568,"totalSupply":100000000,"rank":2603,"type":"crypto"},{"id":2099,"symbol":"MEETONE","name":"MEET.ONE","circulatingSupply":7500000000,"totalSupply":7500000000,"rank":2816,"type":"crypto"},{"id":12,"symbol":"MIOTA","name":"IOTA","circulatingSupply":2680282271,"totalSupply":2779530283,"rank":15,"type":"crypto"},{"id":63,"symbol":"MITH","name":"Mithril","circulatingSupply":384548126,"totalSupply":1000000000,"rank":162,"type":"crypto"},{"id":22,"symbol":"MKR","name":"Maker","circulatingSupply":728977,"totalSupply":1000000,"rank":18,"type":"crypto"},{"id":427,"symbol":"MLN","name":"Melon","circulatingSupply":997400,"totalSupply":1250000,"rank":218,"type":"crypto"},{"id":312,"symbol":"MNX","name":"MinexCoin","circulatingSupply":4486889,"totalSupply":6066798,"rank":446,"type":"crypto"},{"id":4398,"symbol":"MNZ","name":"MNZ","circulatingSupply":257142857,"totalSupply":257142857,"rank":2870,"type":"crypto"},{"id":68,"symbol":"MOAC","name":"MOAC","circulatingSupply":62463334,"totalSupply":151205864,"rank":98,"type":"crypto"},{"id":242,"symbol":"MOD","name":"Modum","circulatingSupply":15266200,"totalSupply":21266200,"rank":774,"type":"crypto"},{"id":75,"symbol":"MONA","name":"MonaCoin","circulatingSupply":63703750,"totalSupply":105120000,"rank":112,"type":"crypto"},{"id":695,"symbol":"MSR","name":"Masari","circulatingSupply":8267551,"totalSupply":18500000,"rank":881,"type":"crypto"},{"id":390,"symbol":"MTH","name":"Monetha","circulatingSupply":218271923,"totalSupply":402400000,"rank":313,"type":"crypto"},{"id":184,"symbol":"MTL","name":"Metal","circulatingSupply":32515288,"totalSupply":66588888,"rank":209,"type":"crypto"},{"id":503,"symbol":"MUSIC","name":"Musicoin","circulatingSupply":1178010564,"totalSupply":1178010564,"rank":450,"type":"crypto"},{"id":3419,"symbol":"MZC","name":"MAZA","circulatingSupply":1055345280,"totalSupply":2419200000,"rank":1181,"type":"crypto"},{"id":35,"symbol":"NANO","name":"Nano","circulatingSupply":133248289,"totalSupply":133248289,"rank":51,"type":"crypto"},{"id":67,"symbol":"NAS","name":"Nebulas","circulatingSupply":45500000,"totalSupply":100000000,"rank":104,"type":"crypto"},{"id":215,"symbol":"NAV","name":"NAV Coin","circulatingSupply":63620387,"totalSupply":63620387,"rank":202,"type":"crypto"},{"id":164,"symbol":"NCASH","name":"Nucleus Vision","circulatingSupply":5500052915,"totalSupply":10000000000,"rank":219,"type":"crypto"},{"id":null,"symbol":"NDZ","name":"NDZ","circulatingSupply":null,"totalSupply":null,"rank":2000,"type":"crypto"},{"id":162,"symbol":"NEBL","name":"Neblio","circulatingSupply":13734385,"totalSupply":14485740,"rank":156,"type":"crypto"},{"id":15,"symbol":"NEO","name":"NEO","circulatingSupply":55043947,"totalSupply":100000000,"rank":20,"type":"crypto"},{"id":707,"symbol":"NEOS","name":"Neoscoin","circulatingSupply":4114781,"totalSupply":21000000,"rank":1019,"type":"crypto"},{"id":307,"symbol":"NEU","name":"Neumark","circulatingSupply":-1402101333.2428994,"totalSupply":69762241.75710061,"rank":611,"type":"crypto"},{"id":99,"symbol":"NEXO","name":"Nexo","circulatingSupply":646145841,"totalSupply":1000000000,"rank":91,"type":"crypto"},{"id":237,"symbol":"NGC","name":"NAGA","circulatingSupply":59420636,"totalSupply":77910266,"rank":360,"type":"crypto"},{"id":613,"symbol":"NIO","name":"Autonio","circulatingSupply":82820804,"totalSupply":220466789,"rank":484,"type":"crypto"},{"id":552,"symbol":"NLC2","name":"NoLimitCoin","circulatingSupply":210395603,"totalSupply":210395603,"rank":380,"type":"crypto"},{"id":321,"symbol":"NLG","name":"Gulden","circulatingSupply":415032420,"totalSupply":1680000000,"rank":658,"type":"crypto"},{"id":234,"symbol":"NMC","name":"Namecoin","circulatingSupply":14736400,"totalSupply":21000000,"rank":652,"type":"crypto"},{"id":44,"symbol":"NPXS","name":"Pundi X","circulatingSupply":175243210961,"totalSupply":274555193861,"rank":58,"type":"crypto"},{"id":111,"symbol":"NULS","name":"Nuls","circulatingSupply":1899640,"totalSupply":40000000,"rank":435,"type":"crypto"},{"id":116,"symbol":"NXS","name":"Nexus","circulatingSupply":59707886,"totalSupply":78000000,"rank":141,"type":"crypto"},{"id":94,"symbol":"NXT","name":"NXT","circulatingSupply":998999942,"totalSupply":1000000000,"rank":132,"type":"crypto"},{"id":394,"symbol":"OAX","name":"OpenANX","circulatingSupply":25009250,"totalSupply":100000000,"rank":333,"type":"crypto"},{"id":633,"symbol":"OK","name":"OKCash","circulatingSupply":74258651,"totalSupply":105000000,"rank":853,"type":"crypto"},{"id":24,"symbol":"OMG","name":"OmiseGo","circulatingSupply":140245398.24513277,"totalSupply":140245398.24513277,"rank":31,"type":"crypto"},{"id":611,"symbol":"OMNI","name":"Omni (Mastercoin)","circulatingSupply":618278,"totalSupply":618278,"rank":789,"type":"crypto"},{"id":141,"symbol":"ONG","name":"SoMee.Social","circulatingSupply":191336897,"totalSupply":300000000,"rank":854,"type":"crypto"},{"id":26,"symbol":"ONT","name":"Ontology","circulatingSupply":597500000,"totalSupply":1000000000,"rank":17,"type":"crypto"},{"id":990,"symbol":"OOT","name":"Utrum","circulatingSupply":32400071,"totalSupply":216000091,"rank":1154,"type":"crypto"},{"id":285,"symbol":"OST","name":"OST","circulatingSupply":288515753,"totalSupply":800000000,"rank":242,"type":"crypto"},{"id":3845,"symbol":"OX","name":"OX Fina","circulatingSupply":501237839,"totalSupply":501237839,"rank":3366,"type":"crypto"},{"id":187,"symbol":"PART","name":"Particl","circulatingSupply":6537434.44013346,"totalSupply":7102094.44013346,"rank":169,"type":"crypto"},{"id":351,"symbol":"PASC","name":"Pascalcoin","circulatingSupply":23550450,"totalSupply":23550450,"rank":283,"type":"crypto"},{"id":1228,"symbol":"PASL","name":"Pascal Lite","circulatingSupply":8736650,"totalSupply":8736650,"rank":1432,"type":"crypto"},{"id":1694,"symbol":"PAX","name":"Paxos Standard","circulatingSupply":116543855.44,"totalSupply":119320879.44,"rank":54,"type":"crypto"},{"id":91,"symbol":"PAY","name":"TenX","circulatingSupply":114347858.94857776,"totalSupply":205218255.94857776,"rank":128,"type":"crypto"},{"id":835,"symbol":"PAYX","name":"Paypex","circulatingSupply":68428768,"totalSupply":150000000,"rank":409,"type":"crypto"},{"id":648,"symbol":"PINK","name":"Pinkcoin","circulatingSupply":391862313,"totalSupply":500000000,"rank":945,"type":"crypto"},{"id":621,"symbol":"PIRL","name":"Pirl","circulatingSupply":26342573,"totalSupply":26342573,"rank":471,"type":"crypto"},{"id":93,"symbol":"PIVX","name":"PIVX","circulatingSupply":59366934.5999493,"totalSupply":59366934.5999493,"rank":87,"type":"crypto"},{"id":145,"symbol":"PLR","name":"Pillar","circulatingSupply":259348201,"totalSupply":800000000,"rank":666,"type":"crypto"},{"id":1874,"symbol":"POA","name":"POA Network","circulatingSupply":null,"totalSupply":null,"rank":5143,"type":"crypto"},{"id":179,"symbol":"POE","name":"Po.et","circulatingSupply":2397663513,"totalSupply":3141592653,"rank":196,"type":"crypto"},{"id":544,"symbol":"POLIS","name":"Polis","circulatingSupply":4262523,"totalSupply":25000000,"rank":712,"type":"crypto"},{"id":101,"symbol":"POLY","name":"Polymath Network","circulatingSupply":1000000000,"totalSupply":1000000000,"rank":63,"type":"crypto"},{"id":468,"symbol":"POT","name":"Potcoin","circulatingSupply":221084536,"totalSupply":420000000,"rank":705,"type":"crypto"},{"id":92,"symbol":"POWR","name":"Power Ledger","circulatingSupply":415536224,"totalSupply":1000000000,"rank":97,"type":"crypto"},{"id":176,"symbol":"PPC","name":"Peercoin","circulatingSupply":25050524,"totalSupply":25050524,"rank":199,"type":"crypto"},{"id":318,"symbol":"PPP","name":"PayPie","circulatingSupply":82500000,"totalSupply":165000000,"rank":686,"type":"crypto"},{"id":54,"symbol":"PPT","name":"Populous","circulatingSupply":53252246,"totalSupply":53252246,"rank":70,"type":"crypto"},{"id":338,"symbol":"PRE","name":"Presearch","circulatingSupply":20000000,"totalSupply":20000000,"rank":422,"type":"crypto"},{"id":430,"symbol":"PRL","name":"Oyster","circulatingSupply":58898030.79730333,"totalSupply":104223796.79730333,"rank":1367,"type":"crypto"},{"id":null,"symbol":"PUNGO","name":"Pungo Token","circulatingSupply":null,"totalSupply":null,"rank":2000,"type":"crypto"},{"id":438,"symbol":"PURA","name":"Pura","circulatingSupply":174840572,"totalSupply":181623066,"rank":942,"type":"crypto"},{"id":83,"symbol":"QASH","name":"QASH","circulatingSupply":354526971,"totalSupply":1000000000,"rank":80,"type":"crypto"},{"id":null,"symbol":"QIWI","name":"QIWI","circulatingSupply":null,"totalSupply":null,"rank":2000,"type":"crypto"},{"id":281,"symbol":"QLC","name":"QLC Chain","circulatingSupply":240000000,"totalSupply":600000000,"rank":227,"type":"crypto"},{"id":297,"symbol":"QRL","name":"Quantum Resistant Ledger","circulatingSupply":12000000,"totalSupply":65000000,"rank":400,"type":"crypto"},{"id":188,"symbol":"QSP","name":"Quantstamp","circulatingSupply":617314171.3211849,"totalSupply":976442388.3211849,"rank":188,"type":"crypto"},{"id":29,"symbol":"QTUM","name":"Qtum","circulatingSupply":82324280,"totalSupply":101073368,"rank":33,"type":"crypto"},{"id":114,"symbol":"R","name":"Revain","circulatingSupply":484444836,"totalSupply":1000000000,"rank":68,"type":"crypto"},{"id":483,"symbol":"RADS","name":"Radium","circulatingSupply":3562285,"totalSupply":9000000,"rank":748,"type":"crypto"},{"id":5661,"symbol":"RAP","name":"Rapture","circulatingSupply":21000000,"totalSupply":21000000,"rank":3675,"type":"crypto"},{"id":255,"symbol":"RCN","name":"Rcoin","circulatingSupply":497530791.35309,"totalSupply":999942647.35309,"rank":212,"type":"crypto"},{"id":65,"symbol":"RDD","name":"Reddcoin","circulatingSupply":28808713174,"totalSupply":28808713174,"rank":111,"type":"crypto"},{"id":163,"symbol":"RDN","name":"Raiden Network Token","circulatingSupply":99999999.99999996,"totalSupply":99999999.99999996,"rank":115,"type":"crypto"},{"id":50,"symbol":"REP","name":"Augur","circulatingSupply":11000000,"totalSupply":11000000,"rank":40,"type":"crypto"},{"id":137,"symbol":"REQ","name":"Request Network","circulatingSupply":729645541.7115514,"totalSupply":999986853.7115514,"rank":161,"type":"crypto"},{"id":81,"symbol":"RHOC","name":"RChain","circulatingSupply":853261897,"totalSupply":1000000000,"rank":181,"type":"crypto"},{"id":2976,"symbol":"RIC","name":"Riecoin","circulatingSupply":44344375,"totalSupply":84000000,"rank":1202,"type":"crypto"},{"id":404,"symbol":"RISE","name":"Rise","circulatingSupply":130930460,"totalSupply":130930460,"rank":839,"type":"crypto"},{"id":147,"symbol":"RLC","name":"iExec RLC","circulatingSupply":80070577.9868455,"totalSupply":86999784.9868455,"rank":120,"type":"crypto"},{"id":null,"symbol":"RPX","name":"RPX","circulatingSupply":null,"totalSupply":null,"rank":2000,"type":"crypto"},{"id":2776,"symbol":"RUB","name":"Russian Ruble","circulatingSupply":1487124821,"totalSupply":1487124821,"rank":null,"type":"fiat"},{"id":125,"symbol":"RVN","name":"Ravencoin","circulatingSupply":2254785000,"totalSupply":21000000000,"rank":61,"type":"crypto"},{"id":2168,"symbol":"RYO","name":"Ryo Currency","circulatingSupply":80188888,"totalSupply":80188888,"rank":2909,"type":"crypto"},{"id":11555,"symbol":"SAFE","name":"Safe","circulatingSupply":null,"totalSupply":null,"rank":5195,"type":"crypto"},{"id":122,"symbol":"SALT","name":"SALT","circulatingSupply":92137073,"totalSupply":120000000,"rank":187,"type":"crypto"},{"id":154,"symbol":"SAN","name":"Santiment Network Token","circulatingSupply":62660371,"totalSupply":83337000,"rank":131,"type":"crypto"},{"id":233,"symbol":"SBD","name":"Steem Dollars","circulatingSupply":14653958,"totalSupply":14653958,"rank":175,"type":"crypto"},{"id":null,"symbol":"SBERBANK","name":"SBERBANK","circulatingSupply":null,"totalSupply":null,"rank":2000,"type":"crypto"},{"id":38,"symbol":"SC","name":"Siacoin","circulatingSupply":37952990160,"totalSupply":37952990160,"rank":62,"type":"crypto"},{"id":388,"symbol":"SHIFT","name":"Shift","circulatingSupply":12594644,"totalSupply":12594644,"rank":698,"type":"crypto"},{"id":617,"symbol":"SIB","name":"SIBCoin","circulatingSupply":17160310,"totalSupply":24000000,"rank":858,"type":"crypto"},{"id":128,"symbol":"SKY","name":"Skycoin","circulatingSupply":9999999,"totalSupply":100000000,"rank":215,"type":"crypto"},{"id":548,"symbol":"SLR","name":"Solarcoin","circulatingSupply":48952465,"totalSupply":98100000000,"rank":756,"type":"crypto"},{"id":220,"symbol":"SLS","name":"SaluS","circulatingSupply":1011539,"totalSupply":1011539,"rank":679,"type":"crypto"},{"id":168,"symbol":"SMART","name":"SmartCash","circulatingSupply":2014903577,"totalSupply":2014903577,"rank":147,"type":"crypto"},{"id":257,"symbol":"SNGLS","name":"SingularDTV","circulatingSupply":600000000,"totalSupply":1000000000,"rank":221,"type":"crypto"},{"id":214,"symbol":"SNM","name":"SONM","circulatingSupply":359600000,"totalSupply":444000000,"rank":230,"type":"crypto"},{"id":53,"symbol":"SNT","name":"Status","circulatingSupply":3500483788.878169,"totalSupply":6804870174.878169,"rank":69,"type":"crypto"},{"id":190,"symbol":"SOC","name":"All Sports","circulatingSupply":1466525363,"totalSupply":1500000000,"rank":245,"type":"crypto"},{"id":253,"symbol":"SPHTX","name":"SophiaTX","circulatingSupply":193230567,"totalSupply":350000000,"rank":427,"type":"crypto"},{"id":213,"symbol":"SRN","name":"Sirin Labs Token","circulatingSupply":491820906,"totalSupply":572166104,"rank":165,"type":"crypto"},{"id":1037,"symbol":"STAK","name":"STRAKS","circulatingSupply":9653106,"totalSupply":150000000,"rank":1290,"type":"crypto"},{"id":1134,"symbol":"START","name":"Startcoin","circulatingSupply":45079785,"totalSupply":70782220,"rank":1326,"type":"crypto"},{"id":39,"symbol":"STEEM","name":"Steem","circulatingSupply":285951434,"totalSupply":302925528,"rank":49,"type":"crypto"},{"id":121,"symbol":"STORJ","name":"Storj","circulatingSupply":388787439.00001335,"totalSupply":424999998.00001335,"rank":59,"type":"crypto"},{"id":136,"symbol":"STORM","name":"Storm","circulatingSupply":4518781114,"totalSupply":10000000000,"rank":173,"type":"crypto"},{"id":169,"symbol":"STQ","name":"Storiqa","circulatingSupply":9820877589.56258,"totalSupply":11287544271.56258,"rank":399,"type":"crypto"},{"id":52,"symbol":"STRAT","name":"Stratis","circulatingSupply":99257849.1702563,"totalSupply":99257849.1702563,"rank":66,"type":"crypto"},{"id":120,"symbol":"SUB","name":"Substratum","circulatingSupply":471964026,"totalSupply":592000000,"rank":224,"type":"crypto"},{"id":821,"symbol":"SUMO","name":"Sumokoin","circulatingSupply":8166589,"totalSupply":17055478,"rank":1183,"type":"crypto"},{"id":105,"symbol":"SYS","name":"Syscoin","circulatingSupply":550221521.870295,"totalSupply":550221521.870295,"rank":117,"type":"crypto"},{"id":506,"symbol":"TAAS","name":"TaaS","circulatingSupply":8146000.779398,"totalSupply":8146000.779398,"rank":757,"type":"crypto"},{"id":424,"symbol":"TAU","name":"Lamden","circulatingSupply":-69693704.5061134,"totalSupply":288090567.4938866,"rank":2606,"type":"crypto"},{"id":857,"symbol":"TBX","name":"Tokenbox","circulatingSupply":11393882,"totalSupply":16051590,"rank":1209,"type":"crypto"},{"id":133,"symbol":"TEL","name":"Telcoin","circulatingSupply":34752063230,"totalSupply":100000000000,"rank":158,"type":"crypto"},{"id":149,"symbol":"TEN","name":"Tokenomy","circulatingSupply":200000000,"totalSupply":200000000,"rank":661,"type":"crypto"},{"id":357,"symbol":"TERN","name":"Ternio","circulatingSupply":409274561,"totalSupply":999924300,"rank":660,"type":"crypto"},{"id":96,"symbol":"THETA","name":"Theta Network","circulatingSupply":1000000000,"totalSupply":1000000000,"rank":53,"type":"crypto"},{"id":372,"symbol":"TIX","name":"Blocktix","circulatingSupply":40000000,"totalSupply":62500000,"rank":465,"type":"crypto"},{"id":365,"symbol":"TKN","name":"TokenCard","circulatingSupply":23987561.92832044,"totalSupply":39406759.92832044,"rank":189,"type":"crypto"},{"id":693,"symbol":"TKS","name":"Tokes Platform","circulatingSupply":3444002,"totalSupply":50000000,"rank":866,"type":"crypto"},{"id":186,"symbol":"TNB","name":"Time New Bank","circulatingSupply":2459435804,"totalSupply":4515707418,"rank":244,"type":"crypto"},{"id":549,"symbol":"TNC","name":"Trinity Network Credit","circulatingSupply":333333333,"totalSupply":1000000000,"rank":874,"type":"crypto"},{"id":292,"symbol":"TNT","name":"Tierion","circulatingSupply":428481269,"totalSupply":1000000000,"rank":243,"type":"crypto"},{"id":159,"symbol":"TOMO","name":"TomoChain","circulatingSupply":55000000,"totalSupply":100000000,"rank":123,"type":"crypto"},{"id":197,"symbol":"TPAY","name":"TokenPay","circulatingSupply":15657277,"totalSupply":19624870,"rank":134,"type":"crypto"},{"id":511,"symbol":"TRIG","name":"Triggers","circulatingSupply":32105578,"totalSupply":100000000,"rank":761,"type":"crypto"},{"id":4393,"symbol":"TRTL","name":"TurtleCoin","circulatingSupply":35103557909,"totalSupply":1000000000000,"rank":771,"type":"crypto"},{"id":11,"symbol":"TRX","name":"TRON","circulatingSupply":66351427101,"totalSupply":100369404688,"rank":10,"type":"crypto"},{"id":274,"symbol":"TUSD","name":"True USD","circulatingSupply":203120643.64999998,"totalSupply":203120643.64999998,"rank":34,"type":"crypto"},{"id":966,"symbol":"TZC","name":"TrezarCoin","circulatingSupply":95718600,"totalSupply":107718600,"rank":1055,"type":"crypto"},{"id":183,"symbol":"UBQ","name":"Ubiq","circulatingSupply":42609099,"totalSupply":42609099,"rank":655,"type":"crypto"},{"id":1989,"symbol":"UNITY","name":"SuperNET","circulatingSupply":816061,"totalSupply":816061,"rank":2728,"type":"crypto"},{"id":1509,"symbol":"USD","name":"US Dollar","circulatingSupply":null,"totalSupply":null,"rank":null,"type":"fiat"},{"id":1760,"symbol":"USDC","name":"USD Coin","circulatingSupply":244137606.25,"totalSupply":244137606.25,"rank":29,"type":"crypto"},{"id":8,"symbol":"USDT","name":"Tether","circulatingSupply":2014795442,"totalSupply":2520000000,"rank":7,"type":"crypto"},{"id":231,"symbol":"UTK","name":"UTRUST","circulatingSupply":450000000,"totalSupply":500000000,"rank":205,"type":"crypto"},{"id":138,"symbol":"VERI","name":"Veritaseum","circulatingSupply":2149646,"totalSupply":100000000,"rank":127,"type":"crypto"},{"id":19,"symbol":"VET","name":"VeChain","circulatingSupply":56600371953,"totalSupply":86712634466,"rank":24,"type":"crypto"},{"id":259,"symbol":"VIA","name":"Viacoin","circulatingSupply":23105340,"totalSupply":23105340,"rank":210,"type":"crypto"},{"id":391,"symbol":"VIB","name":"Viberate","circulatingSupply":177631464,"totalSupply":200000000,"rank":299,"type":"crypto"},{"id":252,"symbol":"VIBE","name":"VIBE","circulatingSupply":260080096,"totalSupply":267000000,"rank":214,"type":"crypto"},{"id":1108,"symbol":"VIVO","name":"VIVO","circulatingSupply":3059811,"totalSupply":3879811,"rank":1473,"type":"crypto"},{"id":561,"symbol":"VRC","name":"VeriCoin","circulatingSupply":31360929,"totalSupply":31360929,"rank":345,"type":"crypto"},{"id":10750,"symbol":"VRSC","name":"VerusCoin","circulatingSupply":null,"totalSupply":null,"rank":5505,"type":"crypto"},{"id":142,"symbol":"VTC","name":"Vertcoin","circulatingSupply":46879925,"totalSupply":84000000,"rank":142,"type":"crypto"},{"id":4235,"symbol":"VTHO","name":"VeThor Token","circulatingSupply":null,"totalSupply":null,"rank":4765,"type":"crypto"},{"id":313,"symbol":"WABI","name":"WaBi","circulatingSupply":52478516,"totalSupply":100000000,"rank":201,"type":"crypto"},{"id":60,"symbol":"WAN","name":"Wanchain","circulatingSupply":106152493,"totalSupply":210000000,"rank":99,"type":"crypto"},{"id":43,"symbol":"WAVES","name":"Waves","circulatingSupply":100000000,"totalSupply":100000000,"rank":26,"type":"crypto"},{"id":97,"symbol":"WAX","name":"WAX","circulatingSupply":949628977,"totalSupply":1850000000,"rank":83,"type":"crypto"},{"id":131,"symbol":"WGR","name":"Wagerr","circulatingSupply":181359324.4680795,"totalSupply":198359324.4680795,"rank":643,"type":"crypto"},{"id":4180,"symbol":"WICC","name":"WaykiChain","circulatingSupply":210000000,"totalSupply":210000000,"rank":100,"type":"crypto"},{"id":273,"symbol":"WINGS","name":"Wings","circulatingSupply":96893094,"totalSupply":100000000,"rank":697,"type":"crypto"},{"id":267,"symbol":"WPR","name":"WePower","circulatingSupply":509811562.0967742,"totalSupply":745248183.0967742,"rank":265,"type":"crypto"},{"id":87,"symbol":"WTC","name":"Waltonchain","circulatingSupply":50272895,"totalSupply":70000000,"rank":77,"type":"crypto"},{"id":null,"symbol":"X","name":"GLX Equity Token","circulatingSupply":null,"totalSupply":null,"rank":2000,"type":"crypto"},{"id":232,"symbol":"XAS","name":"Asch","circulatingSupply":93355331,"totalSupply":100000000,"rank":255,"type":"crypto"},{"id":952,"symbol":"XBC","name":"Bitcoin Plus","circulatingSupply":116396,"totalSupply":116396,"rank":992,"type":"crypto"},{"id":261,"symbol":"XBY","name":"XtraBYtes","circulatingSupply":430000000,"totalSupply":650000000,"rank":689,"type":"crypto"},{"id":385,"symbol":"XCP","name":"Counterparty","circulatingSupply":2615924,"totalSupply":2615924,"rank":691,"type":"crypto"},{"id":194,"symbol":"XDN","name":"DigitalNote","circulatingSupply":6928822446,"totalSupply":7130019340,"rank":232,"type":"crypto"},{"id":17,"symbol":"XEM","name":"NEM","circulatingSupply":7775287824,"totalSupply":8999999999,"rank":23,"type":"crypto"},{"id":4457,"symbol":"XIN","name":"Infinity Economics","circulatingSupply":9000000000,"totalSupply":9000000000,"rank":2793,"type":"crypto"},{"id":6,"symbol":"XLM","name":"Stellar","circulatingSupply":16347064260,"totalSupply":100804167793,"rank":8,"type":"crypto"},{"id":1003,"symbol":"XMCC","name":"Monoeci","circulatingSupply":8069493,"totalSupply":9507271,"rank":1239,"type":"crypto"},{"id":948,"symbol":"XMG","name":"Magi","circulatingSupply":8201585,"totalSupply":8201585,"rank":1274,"type":"crypto"},{"id":1770,"symbol":"XMO","name":"Monero Original","circulatingSupply":16572895,"totalSupply":16572895,"rank":2861,"type":"crypto"},{"id":10,"symbol":"XMR","name":"Monero","circulatingSupply":16868295.80794869,"totalSupply":16868295.80794869,"rank":14,"type":"crypto"},{"id":463,"symbol":"XMY","name":"Myriadcoin","circulatingSupply":1620160750,"totalSupply":2000000000,"rank":769,"type":"crypto"},{"id":523,"symbol":"XP","name":"XP","circulatingSupply":197248134066,"totalSupply":242787367044,"rank":882,"type":"crypto"},{"id":512,"symbol":"XPA","name":"XPA","circulatingSupply":48862401,"totalSupply":10000000000,"rank":675,"type":"crypto"},{"id":248,"symbol":"XPM","name":"Primecoin","circulatingSupply":25553849,"totalSupply":25553849,"rank":322,"type":"crypto"},{"id":3,"symbol":"XRP","name":"XRP","circulatingSupply":41666017553,"totalSupply":99991672219,"rank":3,"type":"crypto"},{"id":919,"symbol":"XSG","name":"SnowGem","circulatingSupply":9316287,"totalSupply":84096000,"rank":456,"type":"crypto"},{"id":18,"symbol":"XTZ","name":"Tezos","circulatingSupply":628091136,"totalSupply":785312973,"rank":21,"type":"crypto"},{"id":1606,"symbol":"XUC","name":"Exchange Union","circulatingSupply":3000000000,"totalSupply":3000000000,"rank":2625,"type":"crypto"},{"id":3311,"symbol":"XVC","name":"Vcash","circulatingSupply":15450703,"totalSupply":15450703,"rank":1249,"type":"crypto"},{"id":40,"symbol":"XVG","name":"Verge","circulatingSupply":15172086051,"totalSupply":15172086051,"rank":56,"type":"crypto"},{"id":100,"symbol":"XZC","name":"ZCoin","circulatingSupply":5757841,"totalSupply":21400000,"rank":101,"type":"crypto"},{"id":349,"symbol":"YOYOW","name":"YOYOW","circulatingSupply":299999990,"totalSupply":300000000,"rank":274,"type":"crypto"},{"id":226,"symbol":"ZCL","name":"Zclassic","circulatingSupply":5292363,"totalSupply":21000000,"rank":281,"type":"crypto"},{"id":21,"symbol":"ZEC","name":"Zcash","circulatingSupply":20999999.98750644,"totalSupply":20999999.98750644,"rank":13,"type":"crypto"},{"id":4350,"symbol":"ZEL","name":"ZelCash","circulatingSupply":210000000,"totalSupply":210000000,"rank":2895,"type":"crypto"},{"id":86,"symbol":"ZEN","name":"Horizen","circulatingSupply":5165975,"totalSupply":21000000,"rank":121,"type":"crypto"},{"id":769,"symbol":"ZEST","name":"Zest","circulatingSupply":2272798,"totalSupply":2314063,"rank":1178,"type":"crypto"},{"id":34,"symbol":"ZIL","name":"Zilliqa","circulatingSupply":7902615775.240025,"totalSupply":12599999804.240025,"rank":44,"type":"crypto"},{"id":25,"symbol":"ZRX","name":"0x","circulatingSupply":586141504,"totalSupply":1000000000,"rank":43,"type":"crypto"}]